{
"total":10,
"totalPage":1,
"rows": [
	{
		"ID": 1,
		"name": "王金平幕僚：马英九声明字字见血 人活着没意思",
		"city":"江苏南京",
		"isAudit": "已审核",
		"datetime":"2015-07-10"
	},
	{
		"ID": 2,
		"name": "温州19名小学生中毒流鼻血续：周边部分企业关停温州19名小学生中毒流鼻血续",
		"city":"山东济南",
		"isAudit": "未审核",
		"datetime":"2015-08-01"
	},
	 { 
		 "ID": 3,
		"name": "社科院:电子商务促进了农村经济结构和社会转型",
		"city":"江苏无锡",
		"isAudit": "已审核",
		"datetime":"2015-08-02"
	},
	{
		"ID": 4,
		"name": "江西局长违规建豪宅：局长检讨",
		"city":"北京市",
		"isAudit": "未审核",
		"datetime":"2015-08-03"
	},
	{
		"ID": 5,
		"name": "中国2020年或迈入高收入国家行列",
		"city":"江苏南京",
		"isAudit": "未审核",
		"datetime":"2015-08-04"
	},
	{
		"ID": 6,
		"name": "深圳地铁车门因乘客拉闸打开 3人被挤入隧道",
		"city":"广东深圳",
		"isAudit": "已审核",
		"datetime":"2015-08-05"
	},
	 { 
		 "ID": 7,
		"name": "33次地表塌陷 村民不敢下地劳作(图)",
		"city":"湖南长沙",
		"isAudit": "未审核",
		"datetime":"2015-08-06"
	},
	{
		"ID": 8,
		"name": "医患关系：医生在替改革不彻底背黑锅",
		"city":"江苏南京",
		"isAudit": "未审核",
		"datetime":"2015-08-07"
	},
	 {
		"ID": 9,
		"name": "山东章丘公车进饭店景点将自动向监控系统报警",
		"city":"山东滨州",
		"isAudit": "已审核",
		"datetime":"2015-09-08"
	},
	{
		"ID": 10,
		"name": "自定义特性（如：皮肤风格选择等）部分",
		"city":"自定义",
		"isAudit": "已审核",
		"datetime":"2015-09-10"
	}
]}